domain,model,state_index,n,mean,sd,se
Cognition,gpt_bert_unmatched,0,6,0.08062883223906077,0.02825744275198693,0.011536052696379143
Cognition,gpt_bert_unmatched,1,6,0.08204558247673006,0.028878096796167575,0.011789433648885373
Cognition,gpt_bert_unmatched,2,6,0.0862046847809758,0.02834134647166727,0.0115703062465022
Cognition,gpt_bert_unmatched,3,6,0.09171419455560649,0.028524483686979667,0.011645071701573799
Cognition,gpt_bert_unmatched,4,6,0.09659387406462933,0.029237442322573276,0.011936135845726338
Cognition,gpt_bert_unmatched,5,6,0.10190599559606627,0.03244430591508691,0.013245332425120831
Cognition,gpt_bert_unmatched,6,6,0.1028724770919268,0.033058020652416344,0.013495880417468051
Cognition,gpt_bert_unmatched,7,6,0.10179899530398806,0.031133447736921654,0.012710176814844291
Cognition,gpt_bert_unmatched,8,6,0.10017231351792473,0.03125869165077671,0.012761307428566621
Cognition,gpt_bert_unmatched,9,6,0.10275179856890987,0.029186784433910828,0.011915454849281384
Cognition,gpt_bert_unmatched,10,6,0.1037515266273397,0.028595552333067466,0.011674085354844724
Cognition,gpt_bert_unmatched,11,6,0.0988139625752531,0.029041395729870637,0.01185610015940422
Cognition,gpt_bert_unmatched,12,6,0.09528572342153253,0.02754005598765303,0.011243180776238424
Cognition,babyconceptlm_242_zh,0,6,0.09835424789372739,0.026050799442499474,0.010635194337617367
Cognition,babyconceptlm_242_zh,1,6,0.10242631158295268,0.029921377126138318,0.012215351060070503
Cognition,babyconceptlm_242_zh,2,6,0.10788450825939146,0.029392181333544827,0.011999307782423542
Cognition,babyconceptlm_242_zh,3,6,0.1042722956070823,0.029368784753067097,0.011989756168440809
Cognition,babyconceptlm_242_zh,4,6,0.10344513274060509,0.0261333666242469,0.010668902248414172
Cognition,babyconceptlm_242_zh,5,6,0.10194514486903368,0.023149172791239975,0.009450610217676294
Cognition,babyconceptlm_242_zh,6,6,0.10331586400697156,0.023827044554891694,0.00972735020634083
Cognition,babyconceptlm_242_zh,7,6,0.1155438473428828,0.02805148665221046,0.011451971470734793
Cognition,babyconceptlm_242_zh,8,6,0.11557205905890762,0.025459829077314675,0.010393931696315868
Cognition,babyconceptlm_242_zh,9,6,0.11649988511093036,0.02566567337562277,0.01047796727920188
Language,gpt_bert_unmatched,0,6,0.1487811036616355,0.04274515879239897,0.017450638002603245
Language,gpt_bert_unmatched,1,6,0.14824463745088964,0.043964892562620234,0.017948592229117117
Language,gpt_bert_unmatched,2,6,0.14975189907671296,0.04465255430005977,0.01822932895784422
Language,gpt_bert_unmatched,3,6,0.1531388874139407,0.043769055900142996,0.017868642246450638
Language,gpt_bert_unmatched,4,6,0.15910508194958073,0.04409683158988516,0.018002456111443486
Language,gpt_bert_unmatched,5,6,0.16400961654492516,0.04620448775206932,0.0188629031365408
Language,gpt_bert_unmatched,6,6,0.16629728763260057,0.04774723745942306,0.019492728067181588
Language,gpt_bert_unmatched,7,6,0.1670949507188401,0.047932697522219785,0.01956844182076767
Language,gpt_bert_unmatched,8,6,0.16590108766807812,0.04883683651922945,0.01993755502063858
Language,gpt_bert_unmatched,9,6,0.16602196449152878,0.04826876748882524,0.019705641810110596
Language,gpt_bert_unmatched,10,6,0.16890067064753087,0.04782764122816983,0.01952555276831931
Language,gpt_bert_unmatched,11,6,0.1687676239874214,0.045651866477683545,0.018637296445998843
Language,gpt_bert_unmatched,12,6,0.16484615809168385,0.04240389180848191,0.017311316339827347
Language,babyconceptlm_242_zh,0,6,0.1656782150391155,0.0397763204362973,0.016238614819061192
Language,babyconceptlm_242_zh,1,6,0.168295203270542,0.03689423495232007,0.015062008347256772
Language,babyconceptlm_242_zh,2,6,0.1729378304734813,0.04333478127942973,0.017691350374952605
Language,babyconceptlm_242_zh,3,6,0.16526333361714374,0.04017603230142814,0.01640179650467898
Language,babyconceptlm_242_zh,4,6,0.1659156721533147,0.038491090749702195,0.015713921996655333
Language,babyconceptlm_242_zh,5,6,0.1674513993255892,0.041381722489031506,0.016894017462597107
Language,babyconceptlm_242_zh,6,6,0.17222123673348497,0.04377350742768766,0.0178704595749607
Language,babyconceptlm_242_zh,7,6,0.17777258797307424,0.04302221795415621,0.017563746931747986
Language,babyconceptlm_242_zh,8,6,0.1767530210872852,0.04152444728022242,0.01695228461460761
Language,babyconceptlm_242_zh,9,6,0.17714005750942988,0.041447835668848826,0.01692100805523466
Manipulation,gpt_bert_unmatched,0,6,0.07664191113843617,0.021889661755542106,0.008936416990532268
Manipulation,gpt_bert_unmatched,1,6,0.07950783222952079,0.021664990185113357,0.0088446952059889
Manipulation,gpt_bert_unmatched,2,6,0.08349643387016907,0.021377717492831173,0.008727416620467747
Manipulation,gpt_bert_unmatched,3,6,0.08958334657622395,0.02144996889797931,0.008756913133103086
Manipulation,gpt_bert_unmatched,4,6,0.09424882517905826,0.02127391067175838,0.008685037663226291
Manipulation,gpt_bert_unmatched,5,6,0.09919153486081835,0.023074496812486453,0.009420123877011452
Manipulation,gpt_bert_unmatched,6,6,0.10110090151559757,0.022519952756022435,0.00919373221397312
Manipulation,gpt_bert_unmatched,7,6,0.10058642986458848,0.02088877833421138,0.008527808044820378
Manipulation,gpt_bert_unmatched,8,6,0.09860773337261414,0.0223405394247214,0.009120487028183046
Manipulation,gpt_bert_unmatched,9,6,0.10027863123243676,0.020230518136320045,0.008259074444350836
Manipulation,gpt_bert_unmatched,10,6,0.10104452904822987,0.019253921034302613,0.007860380346980255
Manipulation,gpt_bert_unmatched,11,6,0.09653241303879216,0.01919389203335016,0.007835873609963163
Manipulation,gpt_bert_unmatched,12,6,0.0934618026810123,0.018446535912102116,0.007530766751095945
Manipulation,babyconceptlm_242_zh,0,6,0.10297111945050097,0.024108685219526436,0.009842329526203071
Manipulation,babyconceptlm_242_zh,1,6,0.10258802796150344,0.025685625462532013,0.010486112684573766
Manipulation,babyconceptlm_242_zh,2,6,0.10526763039579301,0.024731110086662216,0.01009643341415345
Manipulation,babyconceptlm_242_zh,3,6,0.10288461191463626,0.022400635511828255,0.009145021153007988
Manipulation,babyconceptlm_242_zh,4,6,0.10122448386307555,0.0207929588001892,0.008488689883862777
Manipulation,babyconceptlm_242_zh,5,6,0.10021609350259268,0.019423064202865964,0.007929432756389885
Manipulation,babyconceptlm_242_zh,6,6,0.10318398953249053,0.020659781690561062,0.008434320556528173
Manipulation,babyconceptlm_242_zh,7,6,0.1122402212693457,0.01947372415690497,0.007950114596021287
Manipulation,babyconceptlm_242_zh,8,6,0.11347910031550391,0.021091570169093108,0.008610597464730873
Manipulation,babyconceptlm_242_zh,9,6,0.1140566501176125,0.021003747990772394,0.008574744210566629
Memory,gpt_bert_unmatched,0,6,0.04604011759711549,0.0188846586623077,0.007709629614880702
Memory,gpt_bert_unmatched,1,6,0.04663783981491953,0.019414972514587875,0.007926129338483388
Memory,gpt_bert_unmatched,2,6,0.04825703667429835,0.020220677779898413,0.008255057135664148
Memory,gpt_bert_unmatched,3,6,0.05097361593598931,0.020823235985850418,0.008501050493149026
Memory,gpt_bert_unmatched,4,6,0.0523611766404638,0.021548037176840534,0.008796949340296914
Memory,gpt_bert_unmatched,5,6,0.05424232820886979,0.022577343129049295,0.009217161735650419
Memory,gpt_bert_unmatched,6,6,0.05472781302454393,0.023453372509377596,0.009574799232565566
Memory,gpt_bert_unmatched,7,6,0.0551800414113088,0.024163401468032093,0.009864667341116101
Memory,gpt_bert_unmatched,8,6,0.0551630906733959,0.02613850762873135,0.010671001054706216
Memory,gpt_bert_unmatched,9,6,0.055847338373390475,0.026148091287661473,0.010674913567080828
Memory,gpt_bert_unmatched,10,6,0.05634363731318403,0.025110975836461966,0.010251512957114971
Memory,gpt_bert_unmatched,11,6,0.0530054480043523,0.023008650590511347,0.009393242269456611
Memory,gpt_bert_unmatched,12,6,0.051442377815309116,0.02177066904873958,0.00888783842140247
Memory,babyconceptlm_242_zh,0,6,0.050085490766410085,0.02395176489919396,0.009778267073688295
Memory,babyconceptlm_242_zh,1,6,0.052225016613337755,0.02338605183198212,0.009547315681105993
Memory,babyconceptlm_242_zh,2,6,0.055931970122839604,0.025760520180801782,0.010516688325272172
Memory,babyconceptlm_242_zh,3,6,0.05351322670691677,0.02464113550624662,0.010059701445513578
Memory,babyconceptlm_242_zh,4,6,0.052528402947702085,0.023498105947718825,0.009593061582294943
Memory,babyconceptlm_242_zh,5,6,0.051631593157242035,0.023059225622961137,0.009413889439994392
Memory,babyconceptlm_242_zh,6,6,0.0523473575958105,0.02410948410818986,0.009842655671134185
Memory,babyconceptlm_242_zh,7,6,0.05982467095623817,0.025199682760764733,0.010287727407313884
Memory,babyconceptlm_242_zh,8,6,0.05881755143783979,0.024374681288910304,0.009950921966799142
Memory,babyconceptlm_242_zh,9,6,0.059518731210104536,0.024589342934137316,0.01003855721649123
Reward,gpt_bert_unmatched,0,6,0.019754283037751712,0.007470570658371029,0.0030498477000694686
Reward,gpt_bert_unmatched,1,6,0.020266757975280086,0.007606631047922554,0.003105394121503726
Reward,gpt_bert_unmatched,2,6,0.020972405547793897,0.008046501516908926,0.00328497048849295
Reward,gpt_bert_unmatched,3,6,0.02279642966718475,0.008332988964146328,0.0034019284990669755
Reward,gpt_bert_unmatched,4,6,0.024222731997213285,0.009059666585897599,0.003698593395865277
Reward,gpt_bert_unmatched,5,6,0.02521917009780285,0.01009638738939054,0.004121832891579594
Reward,gpt_bert_unmatched,6,6,0.025906340569552513,0.010831099939806922,0.004421778034269426
Reward,gpt_bert_unmatched,7,6,0.025220156403514413,0.010811016451315207,0.004413578984426132
Reward,gpt_bert_unmatched,8,6,0.024566915968248542,0.011176070972127777,0.004562611868473969
Reward,gpt_bert_unmatched,9,6,0.024474465307453442,0.011715466380906278,0.004782819121991849
Reward,gpt_bert_unmatched,10,6,0.02495755032885501,0.011676636368461836,0.004766966835792715
Reward,gpt_bert_unmatched,11,6,0.023956237381154797,0.011272965092546518,0.00460216872749092
Reward,gpt_bert_unmatched,12,6,0.02280329002503276,0.011363951001662376,0.004639313569343769
Reward,babyconceptlm_242_zh,0,6,0.02076332625662011,0.009653902994635404,0.0039411893938638715
Reward,babyconceptlm_242_zh,1,6,0.02175351987419899,0.00943153160183339,0.0038504066529043814
Reward,babyconceptlm_242_zh,2,6,0.02324087604753064,0.010805581766593152,0.004411360283679143
Reward,babyconceptlm_242_zh,3,6,0.02485621216208656,0.012293389012968985,0.005018755048551825
Reward,babyconceptlm_242_zh,4,6,0.023983252250022607,0.012483820490836363,0.005096498373841689
Reward,babyconceptlm_242_zh,5,6,0.023439965864555965,0.011855062392897608,0.004839808955242882
Reward,babyconceptlm_242_zh,6,6,0.02322966214632545,0.012324750520564516,0.00503155833041407
Reward,babyconceptlm_242_zh,7,6,0.026793847809194544,0.012456891366027404,0.005085504604674744
Reward,babyconceptlm_242_zh,8,6,0.02657219310085851,0.012604043940113286,0.005145579391482662
Reward,babyconceptlm_242_zh,9,6,0.026759146142460482,0.012809981776356852,0.005229653161070925
Vision,gpt_bert_unmatched,0,6,0.07054978811151676,0.018494433671395038,0.007550320929444331
Vision,gpt_bert_unmatched,1,6,0.07064039911271207,0.017527471916472113,0.007155560446053109
Vision,gpt_bert_unmatched,2,6,0.0727993064031919,0.018515989829776976,0.007559121194252725
Vision,gpt_bert_unmatched,3,6,0.07840963533483636,0.01826309956967415,0.007455879177890785
Vision,gpt_bert_unmatched,4,6,0.08244699161949033,0.020757913510347746,0.008474382704196193
Vision,gpt_bert_unmatched,5,6,0.08597414802843767,0.02429680999305972,0.009919131143391935
Vision,gpt_bert_unmatched,6,6,0.08707468764107312,0.023877690784279794,0.009748026442906963
Vision,gpt_bert_unmatched,7,6,0.0882065958610877,0.02356665829319309,0.009621047960142098
Vision,gpt_bert_unmatched,8,6,0.08590415521112492,0.02326170868190808,0.009496552802657375
Vision,gpt_bert_unmatched,9,6,0.08863061443463129,0.02329225381491661,0.009509022800990098
Vision,gpt_bert_unmatched,10,6,0.09144450904019179,0.021205534540304685,0.008657123224451788
Vision,gpt_bert_unmatched,11,6,0.087117053060208,0.019752936958394477,0.008064102744905004
Vision,gpt_bert_unmatched,12,6,0.0855056209986299,0.018762937761136567,0.007659937265063865
Vision,babyconceptlm_242_zh,0,6,0.07499268414155427,0.021221226127272667,0.00866352928800613
Vision,babyconceptlm_242_zh,1,6,0.07787156459621714,0.022287016435266083,0.009098636359237397
Vision,babyconceptlm_242_zh,2,6,0.08442737282264014,0.02535339841442543,0.010350481560138397
Vision,babyconceptlm_242_zh,3,6,0.08584829897124026,0.025021940355094283,0.010215164374055988
Vision,babyconceptlm_242_zh,4,6,0.08492674971414006,0.023467345542495865,0.009580503699448694
Vision,babyconceptlm_242_zh,5,6,0.08376122241149407,0.022787849457648193,0.009303100584432743
Vision,babyconceptlm_242_zh,6,6,0.08488066107746729,0.02416693190872372,0.009866108637493041
Vision,babyconceptlm_242_zh,7,6,0.09081813848937968,0.022268657275893184,0.009091141263809058
Vision,babyconceptlm_242_zh,8,6,0.09084353260664108,0.023134483985257515,0.009444613537744999
Vision,babyconceptlm_242_zh,9,6,0.09132174125574473,0.022964580806757423,0.009375250855577959
